,CHROM,POS,ID,REF,ALT,QUAL,FILTER,INFO,FORMAT,sample,rowname,binom_p,tissue,pass_filt,p_adjust
19165,chr3,194872824,.,T,C,487.6,PASS,AC=1;AF=0.500;AN=2;AS_QD=4.98;BaseQRankSum=0.269;DP=167;ExcessHet=3.0103;FS=0.844;MLEAC=1;MLEAF=0.500;MQ=60.00;MQRankSum=0.00;POSITIVE_TRAIN_SITE;QD=4.98;ReadPosRankSum=-9.450e-01;SOR=0.540;VQSLOD=3.64;culprit=MQ,GT:AD:DP:GQ:PL,"0/1:70,28:98:99:495,0,1713",chr3_194872824,2.640244975757213e-05,Airway,True,0.0011925424882541012
31436,chr6,167370211,.,A,C,1438.6,VQSRTrancheSNP99.00to99.90,AC=1;AF=0.500;AN=2;AS_QD=9.11;BaseQRankSum=0.478;DP=270;ExcessHet=3.0103;FS=0.609;MLEAC=1;MLEAF=0.500;MQ=59.43;MQRankSum=-3.219e+00;NEGATIVE_TRAIN_SITE;POSITIVE_TRAIN_SITE;QD=9.11;ReadPosRankSum=1.99;SOR=0.627;VQSLOD=-9.240e-01;culprit=MQ,GT:AD:DP:GQ:PL,"0/1:99,59:158:99:1446,0,2690",chr6_167370211,0.0018263613254346977,Airway,True,0.03658701112204259
24847,chr6,167370211,.,A,C,3018.6,PASS,AC=1;AF=0.500;AN=2;AS_QD=10.94;BaseQRankSum=2.12;DP=567;ExcessHet=3.0103;FS=0.961;MLEAC=1;MLEAF=0.500;MQ=59.93;MQRankSum=-1.221e+00;POSITIVE_TRAIN_SITE;QD=10.94;ReadPosRankSum=0.986;SOR=0.784;VQSLOD=1.66;culprit=MQ,GT:AD:DP:GQ:PL,"0/1:166,110:276:99:3026,0,5083",chr6_167370211,0.0008978837697568529,Astrocytes,True,0.012982135942574241
41848,chr12,48395043,.,C,CG,2723.64,.,AC=1;AF=0.500;AN=2;AS_QD=22.70;BaseQRankSum=-8.210e-01;DP=161;ExcessHet=3.0103;FS=3.752;MLEAC=1;MLEAF=0.500;MQ=60.00;MQRankSum=0.00;QD=22.70;ReadPosRankSum=-4.330e-01;SOR=1.087,GT:AD:DP:GQ:PL,"0/1:38,82:120:99:2731,0,1030",chr12_48395043,7.291502428713532e-05,Astrocytes,True,0.0015163624495269064
13517,chr2,202223566,.,A,G,1355.6,VQSRTrancheSNP99.00to99.90,AC=1;AF=0.500;AN=2;AS_QD=25.58;BaseQRankSum=0.538;DP=78;ExcessHet=3.0103;FS=6.195;MLEAC=1;MLEAF=0.500;MQ=59.29;MQRankSum=-3.690e-01;NEGATIVE_TRAIN_SITE;POSITIVE_TRAIN_SITE;QD=25.58;ReadPosRankSum=2.12;SOR=0.150;VQSLOD=-1.541e+00;culprit=MQ,GT:AD:DP:GQ:PL,"0/1:8,45:53:99:1363,0,120",chr2_202223566,2.368351377235457e-07,Bladder,True,2.290458931939713e-05
56551,chr13,31314455,.,C,A,905.6,PASS,AC=1;AF=0.500;AN=2;AS_QD=7.61;BaseQRankSum=2.90;DP=224;ExcessHet=3.0103;FS=7.254;MLEAC=1;MLEAF=0.500;MQ=60.00;MQRankSum=0.00;POSITIVE_TRAIN_SITE;QD=7.61;ReadPosRankSum=-1.450e+00;SOR=0.252;VQSLOD=2.68;culprit=MQ,GT:AD:DP:GQ:PL,"0/1:84,35:119:99:913,0,2637",chr13_31314455,8.182182568303973e-06,Bladder,True,0.0005249463175025879
70726,chr17,76165104,.,G,A,406.6,PASS,AC=1;AF=0.500;AN=2;AS_QD=6.36;BaseQRankSum=2.15;DP=106;ExcessHet=3.0103;FS=6.211;MLEAC=1;MLEAF=0.500;MQ=60.00;MQRankSum=0.00;POSITIVE_TRAIN_SITE;QD=6.35;ReadPosRankSum=-1.407e+00;SOR=1.776;VQSLOD=4.72;culprit=MQ,GT:AD:DP:GQ:PL,"0/1:48,16:64:99:414,0,1510",chr17_76165104,7.733076881287032e-05,Bladder,True,0.0033156995652572577
11185,chr2,70141519,.,C,T,1004.6,PASS,AC=1;AF=0.500;AN=2;AS_QD=9.14;BaseQRankSum=-1.430e+00;DP=220;ExcessHet=3.0103;FS=0.000;MLEAC=1;MLEAF=0.500;MQ=60.00;MQRankSum=0.00;POSITIVE_TRAIN_SITE;QD=9.13;ReadPosRankSum=0.249;SOR=0.836;VQSLOD=6.13;culprit=MQ,GT:AD:DP:GQ:PL,"0/1:71,39:110:99:1012,0,2352",chr2_70141519,0.0029436388593452275,Colon,True,0.013588526438537724
37173,chr7,97914305,.,A,G,1278.6,PASS,AC=1;AF=0.500;AN=2;AS_QD=7.52;BaseQRankSum=1.58;DP=266;ExcessHet=3.0103;FS=2.099;MLEAC=1;MLEAF=0.500;MQ=59.99;MQRankSum=0.686;POSITIVE_TRAIN_SITE;QD=7.52;ReadPosRankSum=0.383;SOR=0.503;VQSLOD=3.35;culprit=MQ,GT:AD:DP:GQ:PL,"0/1:117,53:170:99:1286,0,3509",chr7_97914305,1.0205349303337116e-06,Colon,True,1.3069895549910972e-05
48108,chr10,38645117,.,A,G,70.6,VQSRTrancheSNP99.90to100.00,AC=1;AF=0.500;AN=2;AS_QD=0.44;BaseQRankSum=1.89;DP=329;ExcessHet=3.0103;FS=21.791;MLEAC=1;MLEAF=0.500;MQ=45.17;MQRankSum=2.66;NEGATIVE_TRAIN_SITE;QD=0.44;ReadPosRankSum=-1.730e-01;SOR=1.604;VQSLOD=-5.697e+00;culprit=MQ,GT:AD:DP:GQ:PL,"0/1:143,17:160:78:78,0,3907",chr10_38645117,5.329988801159581e-26,Colon,True,1.6511051190980346e-23
67368,chr15,67442596,.,C,T,372.6,PASS,AC=1;AF=0.500;AN=2;AS_QD=2.11;BaseQRankSum=-1.846e+00;DP=317;ExcessHet=3.0103;FS=2.984;MLEAC=1;MLEAF=0.500;MQ=60.00;MQRankSum=0.00;POSITIVE_TRAIN_SITE;QD=2.11;ReadPosRankSum=0.573;SOR=0.408;VQSLOD=6.77;culprit=MQ,GT:AD:DP:GQ:PL,"0/1:149,28:177:99:380,0,4927",chr15_67442596,3.863648025090421e-21,Colon,True,6.827766184473549e-19
10643,chr2,70141519,.,C,T,221.6,PASS,AC=1;AF=0.500;AN=2;AS_QD=1.68;BaseQRankSum=1.32;DP=236;ExcessHet=3.0103;FS=0.000;MLEAC=1;MLEAF=0.500;MQ=60.00;MQRankSum=0.00;POSITIVE_TRAIN_SITE;QD=1.68;ReadPosRankSum=0.959;SOR=0.539;VQSLOD=4.61;culprit=QD,GT:AD:DP:GQ:PL,"0/1:115,17:132:99:229,0,3923",chr2_70141519,4.617342497646329e-19,Esophageal,True,2.4203033847100365e-17
23423,chr4,164415734,.,A,G,3157.6,PASS,AC=1;AF=0.500;AN=2;AS_QD=9.40;BaseQRankSum=4.45;DP=575;ExcessHet=3.0103;FS=4.136;MLEAC=1;MLEAF=0.500;MQ=60.00;MQRankSum=0.00;POSITIVE_TRAIN_SITE;QD=9.40;ReadPosRankSum=-1.750e-01;SOR=0.959;VQSLOD=5.73;culprit=DP,GT:AD:DP:GQ:PL,"0/1:224,112:336:99:3165,0,7380",chr4_164415734,9.87896316300614e-10,Esophageal,True,1.4487665977927655e-08
36754,chr7,97924226,.,C,T,1463.6,PASS,AC=1;AF=0.500;AN=2;AS_QD=16.64;BaseQRankSum=1.06;DP=167;ExcessHet=3.0103;FS=3.108;MLEAC=1;MLEAF=0.500;MQ=60.00;MQRankSum=0.00;POSITIVE_TRAIN_SITE;QD=16.63;ReadPosRankSum=0.584;SOR=1.160;VQSLOD=5.47;culprit=MQ,GT:AD:DP:GQ:PL,"0/1:28,60:88:99:1471,0,590",chr7_97924226,0.0008464960856166755,Esophageal,True,0.0037701644461589656
47327,chr10,38645117,.,A,G,615.6,VQSRTrancheSNP99.90to100.00,AC=1;AF=0.500;AN=2;AS_QD=4.43;BaseQRankSum=2.70;DP=211;ExcessHet=3.0103;FS=22.630;MLEAC=1;MLEAF=0.500;MQ=44.26;MQRankSum=1.88;QD=4.43;ReadPosRankSum=0.506;SOR=0.854;VQSLOD=-1.129e+01;culprit=MQ,GT:AD:DP:GQ:PL,"0/1:109,30:139:99:623,0,2913",chr10_38645117,9.851828103021359e-12,Esophageal,True,1.9541954468181575e-10
51556,chr11,18343822,.,C,G,6804.6,PASS,AC=1;AF=0.500;AN=2;AS_QD=20.13;BaseQRankSum=1.95;DP=575;ExcessHet=3.0103;FS=0.000;MLEAC=1;MLEAF=0.500;MQ=60.00;MQRankSum=0.00;POSITIVE_TRAIN_SITE;QD=20.13;ReadPosRankSum=-1.520e-01;SOR=0.699;VQSLOD=6.21;culprit=DP,GT:AD:DP:GQ:PL,"0/1:126,212:338:99:6812,0,3599",chr11_18343822,3.3652806230671827e-06,Esophageal,True,2.5776785617531023e-05
59727,chr13,31314455,.,C,A,2884.6,PASS,AC=1;AF=0.500;AN=2;AS_QD=9.78;BaseQRankSum=2.64;DP=578;ExcessHet=3.0103;FS=0.469;MLEAC=1;MLEAF=0.500;MQ=60.00;MQRankSum=0.00;POSITIVE_TRAIN_SITE;QD=9.78;ReadPosRankSum=0.348;SOR=0.639;VQSLOD=6.02;culprit=DP,GT:AD:DP:GQ:PL,"0/1:190,105:295:99:2892,0,5988",chr13_31314455,8.509686149238266e-07,Esophageal,True,7.362838821336284e-06
66838,chr15,67442596,.,C,T,651.6,PASS,AC=1;AF=0.500;AN=2;AS_QD=2.88;BaseQRankSum=-2.149e+00;DP=424;ExcessHet=3.0103;FS=0.733;MLEAC=1;MLEAF=0.500;MQ=59.98;MQRankSum=0.508;POSITIVE_TRAIN_SITE;QD=2.88;ReadPosRankSum=0.322;SOR=0.776;VQSLOD=4.02;culprit=QD,GT:AD:DP:GQ:PL,"0/1:189,37:226:99:659,0,6485",chr15_67442596,9.330408417004932e-26,Esophageal,True,9.367730050672952e-24
78377,chr19,13950294,.,G,A,1000.6,PASS,AC=1;AF=0.500;AN=2;AS_QD=5.92;BaseQRankSum=-1.252e+00;DP=439;ExcessHet=3.0103;FS=3.228;MLEAC=1;MLEAF=0.500;MQ=60.00;MQRankSum=0.00;POSITIVE_TRAIN_SITE;QD=5.92;ReadPosRankSum=-1.770e-01;SOR=0.460;VQSLOD=5.68;culprit=QD,GT:AD:DP:GQ:PL,"0/1:127,42:169:99:1008,0,4061",chr19_13950294,3.9837733854196724e-11,Esophageal,True,7.196707297785129e-10
78384,chr19,13955161,.,G,A,434.6,PASS,AC=1;AF=0.500;AN=2;AS_QD=4.78;BaseQRankSum=0.994;DP=170;ExcessHet=3.0103;FS=3.531;MLEAC=1;MLEAF=0.500;MQ=60.00;MQRankSum=0.00;POSITIVE_TRAIN_SITE;QD=4.78;ReadPosRankSum=-1.344e+00;SOR=0.322;VQSLOD=5.17;culprit=ReadPosRankSum,GT:AD:DP:GQ:PL,"0/1:70,21:91:99:442,0,2042",chr19_13955161,2.509086976240062e-07,Esophageal,True,2.4276206978417562e-06
4944,chr1,155197268,.,T,C,1637.6,PASS,AC=1;AF=0.500;AN=2;AS_QD=7.28;BaseQRankSum=-1.041e+00;DP=347;ExcessHet=3.0103;FS=1.119;MLEAC=1;MLEAF=0.500;MQ=60.00;MQRankSum=0.00;POSITIVE_TRAIN_SITE;QD=7.28;ReadPosRankSum=0.649;SOR=0.758;VQSLOD=4.98;culprit=MQ,GT:AD:DP:GQ:PL,"0/1:156,69:225:99:1645,0,4544",chr1_155197268,6.441498819844064e-09,GDSD0,True,3.979926056546511e-07
28048,chr6,167370211,.,A,C,2342.6,PASS,AC=1;AF=0.500;AN=2;AS_QD=9.68;BaseQRankSum=2.81;DP=459;ExcessHet=3.0103;FS=4.699;MLEAC=1;MLEAF=0.500;MQ=59.98;MQRankSum=0.00;POSITIVE_TRAIN_SITE;QD=9.68;ReadPosRankSum=0.631;SOR=1.028;VQSLOD=1.35;culprit=MQ,GT:AD:DP:GQ:PL,"0/1:159,83:242:99:2350,0,4488",chr6_167370211,1.1770666450948969e-06,GDSD0,True,4.576011901155442e-05
61601,chr17,76165104,.,G,A,1118.6,PASS,AC=1;AF=0.500;AN=2;AS_QD=9.90;BaseQRankSum=2.99;DP=164;ExcessHet=3.0103;FS=0.000;MLEAC=1;MLEAF=0.500;MQ=60.00;MQRankSum=0.00;POSITIVE_TRAIN_SITE;QD=9.90;ReadPosRankSum=-7.500e-02;SOR=0.741;VQSLOD=9.58;culprit=MQ,GT:AD:DP:GQ:PL,"0/1:72,41:113:99:1126,0,1923",chr17_76165104,0.0045535564660325436,GDSD0,True,0.049813521954520434
51554,chr12,48395043,.,C,CG,3269.64,.,AC=1;AF=0.500;AN=2;AS_QD=23.36;BaseQRankSum=0.094;DP=335;ExcessHet=3.0103;FS=1.501;MLEAC=1;MLEAF=0.500;MQ=60.00;MQRankSum=0.00;QD=23.35;ReadPosRankSum=0.804;SOR=0.913,GT:AD:DP:GQ:PL,"0/1:41,99:140:99:3277,0,1108",chr12_48395043,1.0330793850718322e-06,GDSD3,True,3.488138695927866e-05
30146,chr6,167370211,.,A,C,2739.6,PASS,AC=1;AF=0.500;AN=2;AS_QD=8.78;BaseQRankSum=0.652;DP=534;ExcessHet=3.0103;FS=0.000;MLEAC=1;MLEAF=0.500;MQ=59.90;MQRankSum=-1.076e+00;POSITIVE_TRAIN_SITE;QD=8.78;ReadPosRankSum=-4.610e-01;SOR=0.686;VQSLOD=1.43;culprit=MQ,GT:AD:DP:GQ:PL,"0/1:200,112:312:99:2747,0,5525",chr6_167370211,7.162702390721855e-07,GDSD6,True,2.546584092701304e-05
50389,chr12,48395043,.,C,CG,3915.64,.,AC=1;AF=0.500;AN=2;AS_QD=23.17;BaseQRankSum=-6.870e-01;DP=283;ExcessHet=3.0103;FS=7.756;MLEAC=1;MLEAF=0.500;MQ=60.00;MQRankSum=0.00;QD=23.17;ReadPosRankSum=0.900;SOR=0.312,GT:AD:DP:GQ:PL,"0/1:51,118:169:99:3923,0,1397",chr12_48395043,2.708810816041677e-07,GDSD6,True,1.0699176649986494e-05
53178,chr13,31314455,.,C,A,634.6,PASS,AC=1;AF=0.500;AN=2;AS_QD=6.35;BaseQRankSum=1.46;DP=136;ExcessHet=3.0103;FS=0.000;MLEAC=1;MLEAF=0.500;MQ=60.00;MQRankSum=0.00;POSITIVE_TRAIN_SITE;QD=6.35;ReadPosRankSum=-1.146e+00;SOR=0.714;VQSLOD=10.72;culprit=QD,GT:AD:DP:GQ:PL,"0/1:72,28:100:99:642,0,2091",chr13_31314455,1.2579150016678854e-05,GDSD6,True,0.0003334580470812262
36693,chr10,38645117,.,A,G,881.6,VQSRTrancheSNP99.00to99.90,AC=1;AF=0.500;AN=2;AS_QD=6.58;BaseQRankSum=3.82;DP=192;ExcessHet=3.0103;FS=5.994;MLEAC=1;MLEAF=0.500;MQ=47.98;MQRankSum=3.48;NEGATIVE_TRAIN_SITE;QD=6.58;ReadPosRankSum=0.801;SOR=0.937;VQSLOD=-2.262e+00;culprit=MQ,GT:AD:DP:GQ:PL,"0/1:96,38:134:99:889,0,2416",chr10_38645117,5.721978776596953e-07,GM12878,True,3.558261932933524e-05
58153,chr17,76165104,.,G,A,848.6,PASS,AC=1;AF=0.500;AN=2;AS_QD=7.93;BaseQRankSum=1.85;DP=180;ExcessHet=3.0103;FS=8.481;MLEAC=1;MLEAF=0.500;MQ=60.00;MQRankSum=0.00;POSITIVE_TRAIN_SITE;QD=7.93;ReadPosRankSum=-1.369e+00;SOR=1.516;VQSLOD=2.24;culprit=MQ,GT:AD:DP:GQ:PL,"0/1:73,34:107:99:856,0,2006",chr17_76165104,0.00020637467419230558,GM12878,True,0.005899434880190394
19657,chr5,67615731,.,A,C,580.6,PASS,AC=1;AF=0.500;AN=2;AS_QD=5.23;BaseQRankSum=1.27;DP=224;ExcessHet=3.0103;FS=0.866;MLEAC=1;MLEAF=0.500;MQ=60.00;MQRankSum=0.00;POSITIVE_TRAIN_SITE;QD=5.23;ReadPosRankSum=-1.139e+00;SOR=0.875;VQSLOD=5.62;culprit=QD,GT:AD:DP:GQ:PL,"0/1:84,27:111:99:588,0,2425",chr5_67615731,5.4619780954159604e-08,HMEC,True,2.6775803483714297e-06
21958,chr6,4403131,.,G,A,1111.6,PASS,AC=1;AF=0.500;AN=2;AS_QD=20.59;BaseQRankSum=0.833;DP=153;ExcessHet=3.0103;FS=0.000;MLEAC=1;MLEAF=0.500;MQ=60.00;MQRankSum=0.00;POSITIVE_TRAIN_SITE;QD=20.59;ReadPosRankSum=0.100;SOR=0.544;VQSLOD=12.93;culprit=MQ,GT:AD:DP:GQ:PL,"0/1:10,44:54:99:1119,0,171",chr6_4403131,3.3856859533720747e-06,HMEC,True,9.936816594532641e-05
58898,chr19,41857404,.,T,C,1808.6,PASS,AC=1;AF=0.500;AN=2;AS_QD=16.30;BaseQRankSum=-1.531e+00;DP=222;ExcessHet=3.0103;FS=6.554;MLEAC=1;MLEAF=0.500;MQ=60.00;MQRankSum=0.00;POSITIVE_TRAIN_SITE;QD=16.29;ReadPosRankSum=1.36;SOR=0.295;VQSLOD=3.07;culprit=MQ,GT:AD:DP:GQ:PL,"0/1:37,74:111:99:1816,0,917",chr19_41857404,0.000570118104830913,HMEC,True,0.008534015693775666
4886,chr1,155197268,.,T,C,1496.6,PASS,AC=1;AF=0.500;AN=2;AS_QD=3.47;BaseQRankSum=0.448;DP=754;ExcessHet=3.0103;FS=3.357;MLEAC=1;MLEAF=0.500;MQ=60.00;MQRankSum=0.00;POSITIVE_TRAIN_SITE;QD=3.46;ReadPosRankSum=1.11;SOR=0.640;VQSLOD=5.94;culprit=MQ,GT:AD:DP:GQ:PL,"0/1:352,80:432:99:1504,0,10870",chr1_155197268,9.104324913426757e-42,Melanocytes,True,9.745332905877907e-40
9144,chr2,67624302,.,A,G,1113.86,PASS,AC=1;AF=0.500;AN=2;AS_QD=22.73;BaseQRankSum=1.23;DP=79;ExcessHet=3.0103;FS=0.000;MLEAC=1;MLEAF=0.500;MQ=60.00;MQRankSum=0.00;POSITIVE_TRAIN_SITE;QD=22.73;ReadPosRankSum=1.01;SOR=0.836;VQSLOD=19.87;culprit=MQ,GT:AD:DP:GQ:PL,"0/1:6,43:49:2:1121,0,2",chr2_67624302,5.7277652842913065e-08,Melanocytes,True,3.553028525912643e-07
26948,chr6,167370211,.,A,C,821.6,PASS,AC=1;AF=0.500;AN=2;AS_QD=2.76;BaseQRankSum=2.36;DP=548;ExcessHet=3.0103;FS=2.885;MLEAC=1;MLEAF=0.500;MQ=59.99;MQRankSum=0.00;POSITIVE_TRAIN_SITE;QD=2.76;ReadPosRankSum=2.20;SOR=0.945;VQSLOD=2.36;culprit=MQ,GT:AD:DP:GQ:PL,"0/1:254,44:298:99:829,0,7932",chr6_167370211,4.630753385120882e-37,Melanocytes,True,3.4377742166717966e-35
29295,chr7,97924226,.,C,T,188.6,PASS,AC=1;AF=0.500;AN=2;AS_QD=3.78;BaseQRankSum=-5.530e-01;DP=91;ExcessHet=3.0103;FS=0.000;MLEAC=1;MLEAF=0.500;MQ=60.00;MQRankSum=0.00;POSITIVE_TRAIN_SITE;QD=3.77;ReadPosRankSum=1.93;SOR=0.503;VQSLOD=18.79;culprit=MQ,GT:AD:DP:GQ:PL,"0/1:39,11:50:99:196,0,1232",chr7_97924226,9.021490107130608e-05,Melanocytes,True,0.0003399051557605272
37923,chr10,38383147,.,A,T,4540.6,PASS,AC=1;AF=0.500;AN=2;AS_QD=24.68;BaseQRankSum=1.47;DP=434;ExcessHet=3.0103;FS=5.045;MLEAC=1;MLEAF=0.500;MQ=60.00;MQRankSum=0.00;POSITIVE_TRAIN_SITE;QD=24.68;ReadPosRankSum=-9.460e-01;SOR=0.354;VQSLOD=4.88;culprit=MQ,GT:AD:DP:GQ:PL,"0/1:31,153:184:99:4548,0,456",chr10_38383147,1.3761203921693215e-20,Melanocytes,True,3.076594115389117e-19
37933,chr10,38383793,.,C,T,1531.6,PASS,AC=1;AF=0.500;AN=2;AS_QD=24.71;BaseQRankSum=0.274;DP=118;ExcessHet=3.0103;FS=0.000;MLEAC=1;MLEAF=0.500;MQ=60.00;MQRankSum=0.00;POSITIVE_TRAIN_SITE;QD=24.70;ReadPosRankSum=2.05;SOR=0.749;VQSLOD=18.33;culprit=MQ,GT:AD:DP:GQ:PL,"0/1:14,48:62:99:1539,0,312",chr10_38383793,1.7428522601632e-05,Melanocytes,True,7.390062865468604e-05
37936,chr10,38645117,.,A,G,2186.6,VQSRTrancheSNP99.90to100.00,AC=1;AF=0.500;AN=2;AS_QD=24.03;BaseQRankSum=3.45;DP=135;ExcessHet=3.0103;FS=5.805;MLEAC=1;MLEAF=0.500;MQ=47.30;MQRankSum=1.93;QD=24.03;ReadPosRankSum=0.792;SOR=1.583;VQSLOD=-3.255e+00;culprit=MQ,GT:AD:DP:GQ:PL,"0/1:20,71:91:99:2194,0,329",chr10_38645117,7.245373680789237e-08,Melanocytes,True,4.4368726039251844e-07
39234,chr10,96122826,.,C,T,789.6,PASS,AC=1;AF=0.500;AN=2;AS_QD=5.94;BaseQRankSum=0.576;DP=338;ExcessHet=3.0103;FS=3.749;MLEAC=1;MLEAF=0.500;MQ=60.00;MQRankSum=0.00;POSITIVE_TRAIN_SITE;QD=5.94;ReadPosRankSum=0.905;SOR=1.125;VQSLOD=5.00;culprit=MQ,GT:AD:DP:GQ:PL,"0/1:100,33:133:99:797,0,3012",chr10_96122826,4.962954006694657e-09,Melanocytes,True,3.523151965192032e-08
41537,chr11,18343822,.,C,G,8388.6,PASS,AC=1;AF=0.500;AN=2;AS_QD=28.63;BaseQRankSum=1.90;DP=652;ExcessHet=3.0103;FS=1.456;MLEAC=1;MLEAF=0.500;MQ=60.00;MQRankSum=0.00;POSITIVE_TRAIN_SITE;QD=28.63;ReadPosRankSum=0.067;SOR=0.562;VQSLOD=6.71;culprit=MQ,GT:AD:DP:GQ:PL,"0/1:33,260:293:99:8396,0,254",chr11_18343822,6.490999314665811e-45,Melanocytes,True,8.415900590303678e-43
42914,chr11,69354931,.,G,A,329.6,PASS,AC=1;AF=0.500;AN=2;AS_QD=5.16;BaseQRankSum=-2.270e-01;DP=85;ExcessHet=3.0103;FS=2.536;MLEAC=1;MLEAF=0.500;MQ=60.00;MQRankSum=0.00;POSITIVE_TRAIN_SITE;QD=5.15;ReadPosRankSum=1.39;SOR=1.244;VQSLOD=9.04;culprit=MQ,GT:AD:DP:GQ:PL,"0/1:48,16:64:99:337,0,1632",chr11_69354931,7.733076881287032e-05,Melanocytes,True,0.0002942212822099103
45862,chr12,48395043,.,C,CG,5406.64,.,AC=1;AF=0.500;AN=2;AS_QD=29.07;BaseQRankSum=1.03;DP=305;ExcessHet=3.0103;FS=4.348;MLEAC=1;MLEAF=0.500;MQ=60.00;MQRankSum=0.00;QD=29.07;ReadPosRankSum=1.05;SOR=0.351,GT:AD:DP:GQ:PL,"0/1:26,160:186:99:5414,0,411",chr12_48395043,9.791372807967595e-25,Melanocytes,True,3.0528190477136565e-23
52550,chr15,40337462,.,T,G,2248.6,PASS,AC=1;AF=0.500;AN=2;AS_QD=9.41;BaseQRankSum=0.234;DP=467;ExcessHet=3.0103;FS=0.488;MLEAC=1;MLEAF=0.500;MQ=60.00;MQRankSum=0.00;POSITIVE_TRAIN_SITE;QD=9.41;ReadPosRankSum=0.085;SOR=0.655;VQSLOD=6.54;culprit=MQ,GT:AD:DP:GQ:PL,"0/1:139,100:239:99:2256,0,3669",chr15_40337462,0.013802068646591286,Melanocytes,True,0.03285408052910882
56065,chr16,50100253,.,T,A,3481.6,PASS,AC=1;AF=0.500;AN=2;AS_QD=19.13;BaseQRankSum=1.56;DP=337;ExcessHet=3.0103;FS=2.038;MLEAC=1;MLEAF=0.500;MQ=60.00;MQRankSum=0.00;POSITIVE_TRAIN_SITE;QD=19.13;ReadPosRankSum=0.382;SOR=0.524;VQSLOD=6.19;culprit=MQ,GT:AD:DP:GQ:PL,"0/1:73,109:182:99:3489,0,2036",chr16_50100253,0.009287983767532,Melanocytes,True,0.02324015617613912
65188,chr19,41857404,.,T,C,4456.6,VQSRTrancheSNP99.00to99.90,AC=1;AF=0.500;AN=2;AS_QD=27.01;BaseQRankSum=1.42;DP=203;ExcessHet=3.0103;FS=3.414;MLEAC=1;MLEAF=0.500;MQ=59.99;MQRankSum=0.00;POSITIVE_TRAIN_SITE;QD=27.01;ReadPosRankSum=0.824;SOR=0.385;VQSLOD=1.45;culprit=MQ,GT:AD:DP:GQ:PL,"0/1:20,145:165:99:4464,0,120",chr19_41857404,1.3707653241287817e-24,Melanocytes,True,4.213215422793824e-23
7916,chr2,70141519,.,C,T,591.6,PASS,AC=1;AF=0.500;AN=2;AS_QD=6.73;BaseQRankSum=0.636;DP=193;ExcessHet=3.0103;FS=3.012;MLEAC=1;MLEAF=0.500;MQ=60.00;MQRankSum=0.00;POSITIVE_TRAIN_SITE;QD=6.72;ReadPosRankSum=1.36;SOR=0.323;VQSLOD=4.45;culprit=QD,GT:AD:DP:GQ:PL,"0/1:63,25:88:99:599,0,2045",chr2_70141519,6.270382771223791e-05,Ovarian,True,0.0007768573463890241
41501,chr13,31314455,.,C,A,1435.6,PASS,AC=1;AF=0.500;AN=2;AS_QD=10.56;BaseQRankSum=5.47;DP=192;ExcessHet=3.0103;FS=7.465;MLEAC=1;MLEAF=0.500;MQ=60.00;MQRankSum=0.00;POSITIVE_TRAIN_SITE;QD=10.56;ReadPosRankSum=0.128;SOR=0.306;VQSLOD=4.43;culprit=MQ,GT:AD:DP:GQ:PL,"0/1:89,47:136:99:1443,0,2776",chr13_31314455,0.0003985664867934532,Ovarian,True,0.0038379759917602594
11030,chr2,67878108,.,T,C,514.6,PASS,AC=1;AF=0.500;AN=2;AS_QD=7.05;BaseQRankSum=1.04;DP=127;ExcessHet=3.0103;FS=2.087;MLEAC=1;MLEAF=0.500;MQ=60.00;MQRankSum=0.00;POSITIVE_TRAIN_SITE;QD=7.05;ReadPosRankSum=0.319;SOR=0.711;VQSLOD=6.69;culprit=MQ,GT:AD:DP:GQ:PL,"0/1:49,24:73:99:522,0,1172",chr2_67878108,0.0046262939218955105,Pancreas,True,0.019796135372924486
11107,chr2,70141519,.,C,T,1441.6,PASS,AC=1;AF=0.500;AN=2;AS_QD=11.63;BaseQRankSum=-1.186e+00;DP=243;ExcessHet=3.0103;FS=4.776;MLEAC=1;MLEAF=0.500;MQ=60.00;MQRankSum=0.00;POSITIVE_TRAIN_SITE;QD=11.63;ReadPosRankSum=0.298;SOR=0.324;VQSLOD=4.74;culprit=MQ,GT:AD:DP:GQ:PL,"0/1:77,47:124:99:1449,0,2562",chr2_70141519,0.008933408183144241,Pancreas,True,0.034652226705119686
24856,chr4,164415734,.,A,G,2132.6,PASS,AC=1;AF=0.500;AN=2;AS_QD=9.23;BaseQRankSum=2.92;DP=511;ExcessHet=3.0103;FS=0.000;MLEAC=1;MLEAF=0.500;MQ=60.00;MQRankSum=0.00;POSITIVE_TRAIN_SITE;QD=9.23;ReadPosRankSum=0.630;SOR=0.684;VQSLOD=6.18;culprit=FS,GT:AD:DP:GQ:PL,"0/1:153,78:231:99:2140,0,4613",chr4_164415734,9.094431176636247e-07,Pancreas,True,1.1223309089963049e-05
38063,chr7,97924226,.,C,T,1235.6,PASS,AC=1;AF=0.500;AN=2;AS_QD=19.02;BaseQRankSum=1.38;DP=110;ExcessHet=3.0103;FS=3.807;MLEAC=1;MLEAF=0.500;MQ=60.00;MQRankSum=0.00;POSITIVE_TRAIN_SITE;QD=19.01;ReadPosRankSum=0.332;SOR=1.352;VQSLOD=6.49;culprit=MQ,GT:AD:DP:GQ:PL,"0/1:22,43:65:99:1243,0,464",chr7_97924226,0.012502546136489852,Pancreas,True,0.04592173665257762
48559,chr10,38645117,.,A,G,220.6,VQSRTrancheSNP99.00to99.90,AC=1;AF=0.500;AN=2;AS_QD=2.10;BaseQRankSum=2.99;DP=219;ExcessHet=3.0103;FS=12.639;MLEAC=1;MLEAF=0.500;MQ=45.92;MQRankSum=-1.080e-01;NEGATIVE_TRAIN_SITE;QD=2.10;ReadPosRankSum=0.735;SOR=1.497;VQSLOD=-3.607e+00;culprit=MQ,GT:AD:DP:GQ:PL,"0/1:89,16:105:99:228,0,2264",chr10_38645117,1.8713127456458613e-13,Pancreas,True,8.228463205538696e-12
52962,chr11,18343822,.,C,G,4376.6,PASS,AC=1;AF=0.500;AN=2;AS_QD=18.87;BaseQRankSum=2.62;DP=545;ExcessHet=3.0103;FS=6.502;MLEAC=1;MLEAF=0.500;MQ=60.00;MQRankSum=0.00;POSITIVE_TRAIN_SITE;QD=18.86;ReadPosRankSum=-8.600e-01;SOR=1.106;VQSLOD=3.23;culprit=MQ,GT:AD:DP:GQ:PL,"0/1:94,138:232:99:4384,0,2743",chr11_18343822,0.0046512728352528145,Pancreas,True,0.01988470849581015
61315,chr13,31314455,.,C,A,2793.6,VQSRTrancheSNP99.00to99.90,AC=1;AF=0.500;AN=2;AS_QD=9.77;BaseQRankSum=2.97;DP=402;ExcessHet=3.0103;FS=13.829;MLEAC=1;MLEAF=0.500;MQ=59.95;MQRankSum=0.00;NEGATIVE_TRAIN_SITE;POSITIVE_TRAIN_SITE;QD=9.77;ReadPosRankSum=1.02;SOR=0.294;VQSLOD=-8.510e-01;culprit=FS,GT:AD:DP:GQ:PL,"0/1:179,107:286:99:2801,0,5164",chr13_31314455,2.4525399921636483e-05,Pancreas,True,0.0002114813173570621
68417,chr15,67442596,.,C,T,1210.6,PASS,AC=1;AF=0.500;AN=2;AS_QD=5.38;BaseQRankSum=-5.684e+00;DP=382;ExcessHet=3.0103;FS=1.308;MLEAC=1;MLEAF=0.500;MQ=60.00;MQRankSum=0.00;POSITIVE_TRAIN_SITE;QD=5.38;ReadPosRankSum=-3.820e+00;SOR=0.843;VQSLOD=3.23;culprit=ReadPosRankSum,GT:AD:DP:GQ:PL,"0/1:168,57:225:99:1218,0,5620",chr15_67442596,6.845341194871917e-14,Pancreas,True,3.185883503015681e-12
79790,chr19,13950294,.,G,A,2925.6,PASS,AC=1;AF=0.500;AN=2;AS_QD=11.34;BaseQRankSum=-1.940e+00;DP=560;ExcessHet=3.0103;FS=0.000;MLEAC=1;MLEAF=0.500;MQ=59.92;MQRankSum=0.00;POSITIVE_TRAIN_SITE;QD=11.34;ReadPosRankSum=1.50;SOR=0.678;VQSLOD=2.06;culprit=FS,GT:AD:DP:GQ:PL,"0/1:151,107:258:99:2933,0,4730",chr19_13950294,0.007308567284571898,Pancreas,True,0.029439132893988636
79796,chr19,13955161,.,G,A,1049.6,PASS,AC=1;AF=0.500;AN=2;AS_QD=8.90;BaseQRankSum=-2.063e+00;DP=270;ExcessHet=3.0103;FS=4.684;MLEAC=1;MLEAF=0.500;MQ=59.86;MQRankSum=0.00;POSITIVE_TRAIN_SITE;QD=8.89;ReadPosRankSum=1.38;SOR=0.542;VQSLOD=2.02;culprit=QD,GT:AD:DP:GQ:PL,"0/1:74,44:118:99:1057,0,2171",chr19_13955161,0.007330019969069103,Pancreas,True,0.02951701526761642
7467,chr2,202223566,.,A,G,1430.6,VQSRTrancheSNP99.00to99.90,AC=1;AF=0.500;AN=2;AS_QD=20.74;BaseQRankSum=0.484;DP=107;ExcessHet=3.0103;FS=1.151;MLEAC=1;MLEAF=0.500;MQ=59.80;MQRankSum=0.00;NEGATIVE_TRAIN_SITE;POSITIVE_TRAIN_SITE;QD=20.73;ReadPosRankSum=0.650;SOR=0.519;VQSLOD=-7.224e-01;culprit=MQ,GT:AD:DP:GQ:PL,"0/1:14,55:69:99:1438,0,237",chr2_202223566,6.921916920059637e-07,Prostate,True,1.5801307106783912e-05
29168,chr12,48395043,.,C,CG,1087.64,.,AC=1;AF=0.500;AN=2;AS_QD=23.65;BaseQRankSum=-2.205e+00;DP=54;ExcessHet=3.0103;FS=1.253;MLEAC=1;MLEAF=0.500;MQ=60.00;MQRankSum=0.00;QD=23.64;ReadPosRankSum=0.660;SOR=0.487,GT:AD:DP:GQ:PL,"0/1:13,33:46:99:1095,0,349",chr12_48395043,0.004533861582189049,Prostate,True,0.028230047425755363
30629,chr13,31314455,.,C,A,709.6,PASS,AC=1;AF=0.500;AN=2;AS_QD=7.32;BaseQRankSum=1.83;DP=151;ExcessHet=3.0103;FS=0.819;MLEAC=1;MLEAF=0.500;MQ=60.00;MQRankSum=0.00;POSITIVE_TRAIN_SITE;QD=7.32;ReadPosRankSum=0.292;SOR=0.851;VQSLOD=5.08;culprit=MQ,GT:AD:DP:GQ:PL,"0/1:65,32:97:99:717,0,1567",chr13_31314455,0.0010496073324912294,Prostate,True,0.008671371346889077
10869,chr2,70141519,.,C,T,1003.6,PASS,AC=1;AF=0.500;AN=2;AS_QD=9.56;BaseQRankSum=1.73;DP=166;ExcessHet=3.0103;FS=0.000;MLEAC=1;MLEAF=0.500;MQ=60.00;MQRankSum=0.00;POSITIVE_TRAIN_SITE;QD=9.56;ReadPosRankSum=0.404;SOR=0.818;VQSLOD=8.04;culprit=MQ,GT:AD:DP:GQ:PL,"0/1:71,34:105:99:1011,0,2344",chr2_70141519,0.0003907000155223677,Renal,True,0.002321524375088545
36160,chr7,97914305,.,A,G,1279.6,PASS,AC=1;AF=0.500;AN=2;AS_QD=7.27;BaseQRankSum=0.665;DP=287;ExcessHet=3.0103;FS=0.000;MLEAC=1;MLEAF=0.500;MQ=60.00;MQRankSum=0.00;POSITIVE_TRAIN_SITE;QD=7.27;ReadPosRankSum=1.44;SOR=0.735;VQSLOD=5.88;culprit=MQ,GT:AD:DP:GQ:PL,"0/1:125,51:176:99:1287,0,3746",chr7_97914305,2.349557279994193e-08,Renal,True,3.9786134397164017e-07
65975,chr15,67442596,.,C,T,1015.6,PASS,AC=1;AF=0.500;AN=2;AS_QD=5.71;BaseQRankSum=-2.798e+00;DP=316;ExcessHet=3.0103;FS=0.693;MLEAC=1;MLEAF=0.500;MQ=60.00;MQRankSum=0.00;POSITIVE_TRAIN_SITE;QD=5.71;ReadPosRankSum=-1.537e+00;SOR=0.795;VQSLOD=5.58;culprit=MQ,GT:AD:DP:GQ:PL,"0/1:133,45:178:99:1023,0,4518",chr15_67442596,2.734921135565689e-11,Renal,True,8.720743157929687e-10
77002,chr19,13955161,.,G,A,3850.6,PASS,AC=1;AF=0.500;AN=2;AS_QD=16.74;BaseQRankSum=-1.942e+00;DP=475;ExcessHet=3.0103;FS=0.000;MLEAC=1;MLEAF=0.500;MQ=60.00;MQRankSum=0.00;POSITIVE_TRAIN_SITE;QD=16.74;ReadPosRankSum=1.87;SOR=0.711;VQSLOD=5.67;culprit=MQ,GT:AD:DP:GQ:PL,"0/1:96,134:230:99:3858,0,2855",chr19_13955161,0.014520448754305809,Renal,True,0.04960379841010043
36391,chr7,97914305,.,A,G,940.6,PASS,AC=1;AF=0.500;AN=2;AS_QD=5.41;BaseQRankSum=0.477;DP=295;ExcessHet=3.0103;FS=1.395;MLEAC=1;MLEAF=0.500;MQ=60.00;MQRankSum=0.00;POSITIVE_TRAIN_SITE;QD=5.41;ReadPosRankSum=0.912;SOR=0.618;VQSLOD=5.59;culprit=MQ,GT:AD:DP:GQ:PL,"0/1:131,43:174:99:948,0,4146",chr7_97914305,1.5446770251826422e-11,Thyroid,True,6.466141601576554e-10
47199,chr10,38645117,.,A,G,96.6,VQSRTrancheSNP99.90to100.00,AC=1;AF=0.500;AN=2;AS_QD=0.67;BaseQRankSum=3.09;DP=267;ExcessHet=3.0103;FS=7.786;MLEAC=1;MLEAF=0.500;MQ=44.50;MQRankSum=0.838;QD=0.67;ReadPosRankSum=0.797;SOR=0.902;VQSLOD=-3.302e+00;culprit=MQ,GT:AD:DP:GQ:PL,"0/1:130,15:145:99:104,0,3555",chr10_38645117,4.8135114526667984e-24,Thyroid,True,1.415010113889005e-21
59508,chr13,31314455,.,C,A,4341.6,PASS,AC=1;AF=0.500;AN=2;AS_QD=19.74;BaseQRankSum=5.34;DP=360;ExcessHet=3.0103;FS=10.752;MLEAC=1;MLEAF=0.500;MQ=60.00;MQRankSum=0.00;POSITIVE_TRAIN_SITE;QD=19.73;ReadPosRankSum=0.301;SOR=0.279;VQSLOD=4.80;culprit=FS,GT:AD:DP:GQ:PL,"0/1:88,132:220:99:4349,0,2636",chr13_31314455,0.0036456098977159174,Thyroid,True,0.016427849079218314
66387,chr15,67442596,.,C,T,479.6,PASS,AC=1;AF=0.500;AN=2;AS_QD=2.61;BaseQRankSum=-2.594e+00;DP=336;ExcessHet=3.0103;FS=4.104;MLEAC=1;MLEAF=0.500;MQ=60.00;MQRankSum=0.00;POSITIVE_TRAIN_SITE;QD=2.61;ReadPosRankSum=2.12;SOR=1.185;VQSLOD=4.17;culprit=MQ,GT:AD:DP:GQ:PL,"0/1:155,29:184:99:487,0,5114",chr15_67442596,5.261731401549734e-22,Thyroid,True,1.1970667709456144e-19
785,chr1,10556447,.,G,T,5348.6,PASS,AC=1;AF=0.500;AN=2;AS_QD=11.31;BaseQRankSum=0.070;DP=675;ExcessHet=3.0103;FS=1.125;MLEAC=1;MLEAF=0.500;MQ=60.00;MQRankSum=0.00;POSITIVE_TRAIN_SITE;QD=11.31;ReadPosRankSum=0.593;SOR=0.790;VQSLOD=7.49;culprit=MQ,GT:AD:DP:GQ:PL,"0/1:268,205:473:99:5356,0,7660",chr1_10556447,0.004312305405373508,Uterine,True,0.04093408530777056
38192,chr6,117803538,.,C,T,2509.6,PASS,AC=1;AF=0.500;AN=2;AS_QD=9.16;BaseQRankSum=-5.750e-01;DP=376;ExcessHet=3.0103;FS=1.008;MLEAC=1;MLEAF=0.500;MQ=60.00;MQRankSum=0.00;POSITIVE_TRAIN_SITE;QD=9.16;ReadPosRankSum=0.855;SOR=0.615;VQSLOD=8.20;culprit=MQ,GT:AD:DP:GQ:PL,"0/1:169,105:274:99:2517,0,4730",chr6_117803538,0.0001324357042460663,Uterine,True,0.002184991749412932
56475,chr10,38383147,.,A,T,4678.6,PASS,AC=1;AF=0.500;AN=2;AS_QD=17.86;BaseQRankSum=2.51;DP=382;ExcessHet=3.0103;FS=1.005;MLEAC=1;MLEAF=0.500;MQ=59.96;MQRankSum=0.00;POSITIVE_TRAIN_SITE;QD=17.86;ReadPosRankSum=-3.870e-01;SOR=0.610;VQSLOD=3.76;culprit=MQ,GT:AD:DP:GQ:PL,"0/1:108,154:262:99:4686,0,2761",chr10_38383147,0.005334284168014278,Uterine,True,0.048473788534374763
56487,chr10,38645117,.,A,G,1769.6,VQSRTrancheSNP99.90to100.00,AC=1;AF=0.500;AN=2;AS_QD=7.20;BaseQRankSum=1.84;DP=348;ExcessHet=3.0103;FS=26.838;MLEAC=1;MLEAF=0.500;MQ=46.67;MQRankSum=2.26;QD=7.19;ReadPosRankSum=0.149;SOR=0.578;VQSLOD=-4.939e+00;culprit=FS,GT:AD:DP:GQ:PL,"0/1:170,76:246:99:1777,0,4369",chr10_38645117,1.950242348962455e-09,Uterine,True,9.438320404016988e-08
58405,chr10,96122826,.,C,T,4368.6,PASS,AC=1;AF=0.500;AN=2;AS_QD=20.42;BaseQRankSum=2.09;DP=305;ExcessHet=3.0103;FS=5.608;MLEAC=1;MLEAF=0.500;MQ=60.00;MQRankSum=0.00;POSITIVE_TRAIN_SITE;QD=20.41;ReadPosRankSum=0.705;SOR=0.407;VQSLOD=6.54;culprit=MQ,GT:AD:DP:GQ:PL,"0/1:59,155:214:99:4376,0,1355",chr10_96122826,3.9367833515544587e-11,Uterine,True,2.5155647961548995e-09
71407,chr13,31314455,.,C,A,2346.6,PASS,AC=1;AF=0.500;AN=2;AS_QD=9.17;BaseQRankSum=5.51;DP=351;ExcessHet=3.0103;FS=1.189;MLEAC=1;MLEAF=0.500;MQ=60.00;MQRankSum=0.00;POSITIVE_TRAIN_SITE;QD=9.17;ReadPosRankSum=0.287;SOR=0.562;VQSLOD=8.17;culprit=MQ,GT:AD:DP:GQ:PL,"0/1:171,85:256:99:2354,0,5194",chr13_31314455,8.250425616796737e-08,Uterine,True,2.999551290336561e-06
